filename,zoom_in_path,zoom_out_path
1003025.png,data\zoom_in\1003025.png,data\zoom_out\1003025.png
1003060.png,data\zoom_in\1003060.png,data\zoom_out\1003060.png
1004743.png,data\zoom_in\1004743.png,data\zoom_out\1004743.png
1004752.png,data\zoom_in\1004752.png,data\zoom_out\1004752.png
1004854.png,data\zoom_in\1004854.png,data\zoom_out\1004854.png
1004859.png,data\zoom_in\1004859.png,data\zoom_out\1004859.png
1004889.png,data\zoom_in\1004889.png,data\zoom_out\1004889.png
100492.png,data\zoom_in\100492.png,data\zoom_out\100492.png
100498.png,data\zoom_in\100498.png,data\zoom_out\100498.png
1005245.png,data\zoom_in\1005245.png,data\zoom_out\1005245.png
1005247.png,data\zoom_in\1005247.png,data\zoom_out\1005247.png
1005262.png,data\zoom_in\1005262.png,data\zoom_out\1005262.png
1005286.png,data\zoom_in\1005286.png,data\zoom_out\1005286.png
1005409.png,data\zoom_in\1005409.png,data\zoom_out\1005409.png
1005424.png,data\zoom_in\1005424.png,data\zoom_out\1005424.png
1005428.png,data\zoom_in\1005428.png,data\zoom_out\1005428.png
1005430.png,data\zoom_in\1005430.png,data\zoom_out\1005430.png
1005431.png,data\zoom_in\1005431.png,data\zoom_out\1005431.png
1005585.png,data\zoom_in\1005585.png,data\zoom_out\1005585.png
1005629.png,data\zoom_in\1005629.png,data\zoom_out\1005629.png
1005691.png,data\zoom_in\1005691.png,data\zoom_out\1005691.png
1006019.png,data\zoom_in\1006019.png,data\zoom_out\1006019.png
1006022.png,data\zoom_in\1006022.png,data\zoom_out\1006022.png
1006205.png,data\zoom_in\1006205.png,data\zoom_out\1006205.png
1007611.png,data\zoom_in\1007611.png,data\zoom_out\1007611.png
1007623.png,data\zoom_in\1007623.png,data\zoom_out\1007623.png
100768.png,data\zoom_in\100768.png,data\zoom_out\100768.png
1011488.png,data\zoom_in\1011488.png,data\zoom_out\1011488.png
1011516.png,data\zoom_in\1011516.png,data\zoom_out\1011516.png
1011525.png,data\zoom_in\1011525.png,data\zoom_out\1011525.png
101186.png,data\zoom_in\101186.png,data\zoom_out\101186.png
101190.png,data\zoom_in\101190.png,data\zoom_out\101190.png
1012508.png,data\zoom_in\1012508.png,data\zoom_out\1012508.png
1012514.png,data\zoom_in\1012514.png,data\zoom_out\1012514.png
1012607.png,data\zoom_in\1012607.png,data\zoom_out\1012607.png
101262.png,data\zoom_in\101262.png,data\zoom_out\101262.png
1012624.png,data\zoom_in\1012624.png,data\zoom_out\1012624.png
1012625.png,data\zoom_in\1012625.png,data\zoom_out\1012625.png
1012645.png,data\zoom_in\1012645.png,data\zoom_out\1012645.png
1012647.png,data\zoom_in\1012647.png,data\zoom_out\1012647.png
1012652.png,data\zoom_in\1012652.png,data\zoom_out\1012652.png
1012659.png,data\zoom_in\1012659.png,data\zoom_out\1012659.png
101266.png,data\zoom_in\101266.png,data\zoom_out\101266.png
1012666.png,data\zoom_in\1012666.png,data\zoom_out\1012666.png
1012785.png,data\zoom_in\1012785.png,data\zoom_out\1012785.png
101290.png,data\zoom_in\101290.png,data\zoom_out\101290.png
101294.png,data\zoom_in\101294.png,data\zoom_out\101294.png
1013129.png,data\zoom_in\1013129.png,data\zoom_out\1013129.png
1013447.png,data\zoom_in\1013447.png,data\zoom_out\1013447.png
1013450.png,data\zoom_in\1013450.png,data\zoom_out\1013450.png
1013660.png,data\zoom_in\1013660.png,data\zoom_out\1013660.png
1013704.png,data\zoom_in\1013704.png,data\zoom_out\1013704.png
1013706.png,data\zoom_in\1013706.png,data\zoom_out\1013706.png
1013770.png,data\zoom_in\1013770.png,data\zoom_out\1013770.png
1016346.png,data\zoom_in\1016346.png,data\zoom_out\1016346.png
1016360.png,data\zoom_in\1016360.png,data\zoom_out\1016360.png
1016366.png,data\zoom_in\1016366.png,data\zoom_out\1016366.png
1016370.png,data\zoom_in\1016370.png,data\zoom_out\1016370.png
1016396.png,data\zoom_in\1016396.png,data\zoom_out\1016396.png
1016615.png,data\zoom_in\1016615.png,data\zoom_out\1016615.png
1016640.png,data\zoom_in\1016640.png,data\zoom_out\1016640.png
1016644.png,data\zoom_in\1016644.png,data\zoom_out\1016644.png
1016651.png,data\zoom_in\1016651.png,data\zoom_out\1016651.png
1016676.png,data\zoom_in\1016676.png,data\zoom_out\1016676.png
1016687.png,data\zoom_in\1016687.png,data\zoom_out\1016687.png
1016810.png,data\zoom_in\1016810.png,data\zoom_out\1016810.png
1016816.png,data\zoom_in\1016816.png,data\zoom_out\1016816.png
1017472.png,data\zoom_in\1017472.png,data\zoom_out\1017472.png
1017474.png,data\zoom_in\1017474.png,data\zoom_out\1017474.png
101792.png,data\zoom_in\101792.png,data\zoom_out\101792.png
1019376.png,data\zoom_in\1019376.png,data\zoom_out\1019376.png
1019408.png,data\zoom_in\1019408.png,data\zoom_out\1019408.png
1019480.png,data\zoom_in\1019480.png,data\zoom_out\1019480.png
1019484.png,data\zoom_in\1019484.png,data\zoom_out\1019484.png
1019530.png,data\zoom_in\1019530.png,data\zoom_out\1019530.png
1023782.png,data\zoom_in\1023782.png,data\zoom_out\1023782.png
1023786.png,data\zoom_in\1023786.png,data\zoom_out\1023786.png
1025814.png,data\zoom_in\1025814.png,data\zoom_out\1025814.png
1025818.png,data\zoom_in\1025818.png,data\zoom_out\1025818.png
1026241.png,data\zoom_in\1026241.png,data\zoom_out\1026241.png
102648.png,data\zoom_in\102648.png,data\zoom_out\102648.png
102766.png,data\zoom_in\102766.png,data\zoom_out\102766.png
102786.png,data\zoom_in\102786.png,data\zoom_out\102786.png
102790.png,data\zoom_in\102790.png,data\zoom_out\102790.png
102806.png,data\zoom_in\102806.png,data\zoom_out\102806.png
102972.png,data\zoom_in\102972.png,data\zoom_out\102972.png
102976.png,data\zoom_in\102976.png,data\zoom_out\102976.png
102992.png,data\zoom_in\102992.png,data\zoom_out\102992.png
102996.png,data\zoom_in\102996.png,data\zoom_out\102996.png
104342.png,data\zoom_in\104342.png,data\zoom_out\104342.png
104346.png,data\zoom_in\104346.png,data\zoom_out\104346.png
104526.png,data\zoom_in\104526.png,data\zoom_out\104526.png
105066.png,data\zoom_in\105066.png,data\zoom_out\105066.png
105086.png,data\zoom_in\105086.png,data\zoom_out\105086.png
105116.png,data\zoom_in\105116.png,data\zoom_out\105116.png
105120.png,data\zoom_in\105120.png,data\zoom_out\105120.png
105332.png,data\zoom_in\105332.png,data\zoom_out\105332.png
105336.png,data\zoom_in\105336.png,data\zoom_out\105336.png
105400.png,data\zoom_in\105400.png,data\zoom_out\105400.png
105404.png,data\zoom_in\105404.png,data\zoom_out\105404.png
1060213.png,data\zoom_in\1060213.png,data\zoom_out\1060213.png
1060214.png,data\zoom_in\1060214.png,data\zoom_out\1060214.png
1060218.png,data\zoom_in\1060218.png,data\zoom_out\1060218.png
1060220.png,data\zoom_in\1060220.png,data\zoom_out\1060220.png
1061528.png,data\zoom_in\1061528.png,data\zoom_out\1061528.png
1063548.png,data\zoom_in\1063548.png,data\zoom_out\1063548.png
1063554.png,data\zoom_in\1063554.png,data\zoom_out\1063554.png
1063576.png,data\zoom_in\1063576.png,data\zoom_out\1063576.png
1072185.png,data\zoom_in\1072185.png,data\zoom_out\1072185.png
1072192.png,data\zoom_in\1072192.png,data\zoom_out\1072192.png
1072199.png,data\zoom_in\1072199.png,data\zoom_out\1072199.png
1072212.png,data\zoom_in\1072212.png,data\zoom_out\1072212.png
1072217.png,data\zoom_in\1072217.png,data\zoom_out\1072217.png
1072734.png,data\zoom_in\1072734.png,data\zoom_out\1072734.png
1072739.png,data\zoom_in\1072739.png,data\zoom_out\1072739.png
1072851.png,data\zoom_in\1072851.png,data\zoom_out\1072851.png
1073553.png,data\zoom_in\1073553.png,data\zoom_out\1073553.png
1073858.png,data\zoom_in\1073858.png,data\zoom_out\1073858.png
1073898.png,data\zoom_in\1073898.png,data\zoom_out\1073898.png
1077852.png,data\zoom_in\1077852.png,data\zoom_out\1077852.png
1091028.png,data\zoom_in\1091028.png,data\zoom_out\1091028.png
1091636.png,data\zoom_in\1091636.png,data\zoom_out\1091636.png
1091640.png,data\zoom_in\1091640.png,data\zoom_out\1091640.png
1091664.png,data\zoom_in\1091664.png,data\zoom_out\1091664.png
1094455.png,data\zoom_in\1094455.png,data\zoom_out\1094455.png
1094463.png,data\zoom_in\1094463.png,data\zoom_out\1094463.png
1095325.png,data\zoom_in\1095325.png,data\zoom_out\1095325.png
1095337.png,data\zoom_in\1095337.png,data\zoom_out\1095337.png
1097536.png,data\zoom_in\1097536.png,data\zoom_out\1097536.png
1099109.png,data\zoom_in\1099109.png,data\zoom_out\1099109.png
1099111.png,data\zoom_in\1099111.png,data\zoom_out\1099111.png
1099113.png,data\zoom_in\1099113.png,data\zoom_out\1099113.png
1099116.png,data\zoom_in\1099116.png,data\zoom_out\1099116.png
1099120.png,data\zoom_in\1099120.png,data\zoom_out\1099120.png
1101137.png,data\zoom_in\1101137.png,data\zoom_out\1101137.png
110397.png,data\zoom_in\110397.png,data\zoom_out\110397.png
110401.png,data\zoom_in\110401.png,data\zoom_out\110401.png
110403.png,data\zoom_in\110403.png,data\zoom_out\110403.png
110473.png,data\zoom_in\110473.png,data\zoom_out\110473.png
1105278.png,data\zoom_in\1105278.png,data\zoom_out\1105278.png
110631.png,data\zoom_in\110631.png,data\zoom_out\110631.png
110713.png,data\zoom_in\110713.png,data\zoom_out\110713.png
110715.png,data\zoom_in\110715.png,data\zoom_out\110715.png
110717.png,data\zoom_in\110717.png,data\zoom_out\110717.png
110719.png,data\zoom_in\110719.png,data\zoom_out\110719.png
110745.png,data\zoom_in\110745.png,data\zoom_out\110745.png
1108360.png,data\zoom_in\1108360.png,data\zoom_out\1108360.png
111009.png,data\zoom_in\111009.png,data\zoom_out\111009.png
111021.png,data\zoom_in\111021.png,data\zoom_out\111021.png
111127.png,data\zoom_in\111127.png,data\zoom_out\111127.png
1113318.png,data\zoom_in\1113318.png,data\zoom_out\1113318.png
111405.png,data\zoom_in\111405.png,data\zoom_out\111405.png
1114474.png,data\zoom_in\1114474.png,data\zoom_out\1114474.png
1114507.png,data\zoom_in\1114507.png,data\zoom_out\1114507.png
111521.png,data\zoom_in\111521.png,data\zoom_out\111521.png
111525.png,data\zoom_in\111525.png,data\zoom_out\111525.png
111527.png,data\zoom_in\111527.png,data\zoom_out\111527.png
111687.png,data\zoom_in\111687.png,data\zoom_out\111687.png
111689.png,data\zoom_in\111689.png,data\zoom_out\111689.png
111747.png,data\zoom_in\111747.png,data\zoom_out\111747.png
111781.png,data\zoom_in\111781.png,data\zoom_out\111781.png
111783.png,data\zoom_in\111783.png,data\zoom_out\111783.png
111823.png,data\zoom_in\111823.png,data\zoom_out\111823.png
111827.png,data\zoom_in\111827.png,data\zoom_out\111827.png
111829.png,data\zoom_in\111829.png,data\zoom_out\111829.png
111873.png,data\zoom_in\111873.png,data\zoom_out\111873.png
111951.png,data\zoom_in\111951.png,data\zoom_out\111951.png
1119767.png,data\zoom_in\1119767.png,data\zoom_out\1119767.png
112081.png,data\zoom_in\112081.png,data\zoom_out\112081.png
1120986.png,data\zoom_in\1120986.png,data\zoom_out\1120986.png
1121502.png,data\zoom_in\1121502.png,data\zoom_out\1121502.png
1121507.png,data\zoom_in\1121507.png,data\zoom_out\1121507.png
112259.png,data\zoom_in\112259.png,data\zoom_out\112259.png
112275.png,data\zoom_in\112275.png,data\zoom_out\112275.png
112277.png,data\zoom_in\112277.png,data\zoom_out\112277.png
1123614.png,data\zoom_in\1123614.png,data\zoom_out\1123614.png
1123629.png,data\zoom_in\1123629.png,data\zoom_out\1123629.png
1123634.png,data\zoom_in\1123634.png,data\zoom_out\1123634.png
1123639.png,data\zoom_in\1123639.png,data\zoom_out\1123639.png
1123645.png,data\zoom_in\1123645.png,data\zoom_out\1123645.png
1123704.png,data\zoom_in\1123704.png,data\zoom_out\1123704.png
1125237.png,data\zoom_in\1125237.png,data\zoom_out\1125237.png
1125265.png,data\zoom_in\1125265.png,data\zoom_out\1125265.png
112711.png,data\zoom_in\112711.png,data\zoom_out\112711.png
1127352.png,data\zoom_in\1127352.png,data\zoom_out\1127352.png
1127371.png,data\zoom_in\1127371.png,data\zoom_out\1127371.png
112753.png,data\zoom_in\112753.png,data\zoom_out\112753.png
112755.png,data\zoom_in\112755.png,data\zoom_out\112755.png
112955.png,data\zoom_in\112955.png,data\zoom_out\112955.png
112957.png,data\zoom_in\112957.png,data\zoom_out\112957.png
1130705.png,data\zoom_in\1130705.png,data\zoom_out\1130705.png
113135.png,data\zoom_in\113135.png,data\zoom_out\113135.png
1131470.png,data\zoom_in\1131470.png,data\zoom_out\1131470.png
1139399.png,data\zoom_in\1139399.png,data\zoom_out\1139399.png
1139400.png,data\zoom_in\1139400.png,data\zoom_out\1139400.png
1139402.png,data\zoom_in\1139402.png,data\zoom_out\1139402.png
1139461.png,data\zoom_in\1139461.png,data\zoom_out\1139461.png
1182163.png,data\zoom_in\1182163.png,data\zoom_out\1182163.png
1182165.png,data\zoom_in\1182165.png,data\zoom_out\1182165.png
1182169.png,data\zoom_in\1182169.png,data\zoom_out\1182169.png
1182215.png,data\zoom_in\1182215.png,data\zoom_out\1182215.png
1182217.png,data\zoom_in\1182217.png,data\zoom_out\1182217.png
1182218.png,data\zoom_in\1182218.png,data\zoom_out\1182218.png
1182219.png,data\zoom_in\1182219.png,data\zoom_out\1182219.png
1182226.png,data\zoom_in\1182226.png,data\zoom_out\1182226.png
1182228.png,data\zoom_in\1182228.png,data\zoom_out\1182228.png
1182231.png,data\zoom_in\1182231.png,data\zoom_out\1182231.png
1182236.png,data\zoom_in\1182236.png,data\zoom_out\1182236.png
1182239.png,data\zoom_in\1182239.png,data\zoom_out\1182239.png
1182240.png,data\zoom_in\1182240.png,data\zoom_out\1182240.png
1182242.png,data\zoom_in\1182242.png,data\zoom_out\1182242.png
1182854.png,data\zoom_in\1182854.png,data\zoom_out\1182854.png
1182881.png,data\zoom_in\1182881.png,data\zoom_out\1182881.png
1182886.png,data\zoom_in\1182886.png,data\zoom_out\1182886.png
1182888.png,data\zoom_in\1182888.png,data\zoom_out\1182888.png
1182892.png,data\zoom_in\1182892.png,data\zoom_out\1182892.png
1182894.png,data\zoom_in\1182894.png,data\zoom_out\1182894.png
1182904.png,data\zoom_in\1182904.png,data\zoom_out\1182904.png
1182907.png,data\zoom_in\1182907.png,data\zoom_out\1182907.png
1183203.png,data\zoom_in\1183203.png,data\zoom_out\1183203.png
1183206.png,data\zoom_in\1183206.png,data\zoom_out\1183206.png
1183222.png,data\zoom_in\1183222.png,data\zoom_out\1183222.png
1183231.png,data\zoom_in\1183231.png,data\zoom_out\1183231.png
1183241.png,data\zoom_in\1183241.png,data\zoom_out\1183241.png
1185299.png,data\zoom_in\1185299.png,data\zoom_out\1185299.png
1185301.png,data\zoom_in\1185301.png,data\zoom_out\1185301.png
1185304.png,data\zoom_in\1185304.png,data\zoom_out\1185304.png
1185316.png,data\zoom_in\1185316.png,data\zoom_out\1185316.png
1185318.png,data\zoom_in\1185318.png,data\zoom_out\1185318.png
1185322.png,data\zoom_in\1185322.png,data\zoom_out\1185322.png
1185323.png,data\zoom_in\1185323.png,data\zoom_out\1185323.png
1185328.png,data\zoom_in\1185328.png,data\zoom_out\1185328.png
1185336.png,data\zoom_in\1185336.png,data\zoom_out\1185336.png
1185341.png,data\zoom_in\1185341.png,data\zoom_out\1185341.png
1185344.png,data\zoom_in\1185344.png,data\zoom_out\1185344.png
1189766.png,data\zoom_in\1189766.png,data\zoom_out\1189766.png
1189774.png,data\zoom_in\1189774.png,data\zoom_out\1189774.png
1190357.png,data\zoom_in\1190357.png,data\zoom_out\1190357.png
1190989.png,data\zoom_in\1190989.png,data\zoom_out\1190989.png
1190990.png,data\zoom_in\1190990.png,data\zoom_out\1190990.png
1190992.png,data\zoom_in\1190992.png,data\zoom_out\1190992.png
1190995.png,data\zoom_in\1190995.png,data\zoom_out\1190995.png
1190999.png,data\zoom_in\1190999.png,data\zoom_out\1190999.png
1191002.png,data\zoom_in\1191002.png,data\zoom_out\1191002.png
1191006.png,data\zoom_in\1191006.png,data\zoom_out\1191006.png
1191008.png,data\zoom_in\1191008.png,data\zoom_out\1191008.png
1192089.png,data\zoom_in\1192089.png,data\zoom_out\1192089.png
1192097.png,data\zoom_in\1192097.png,data\zoom_out\1192097.png
1192106.png,data\zoom_in\1192106.png,data\zoom_out\1192106.png
1192109.png,data\zoom_in\1192109.png,data\zoom_out\1192109.png
1192112.png,data\zoom_in\1192112.png,data\zoom_out\1192112.png
1192116.png,data\zoom_in\1192116.png,data\zoom_out\1192116.png
1192121.png,data\zoom_in\1192121.png,data\zoom_out\1192121.png
1192125.png,data\zoom_in\1192125.png,data\zoom_out\1192125.png
1192129.png,data\zoom_in\1192129.png,data\zoom_out\1192129.png
1192137.png,data\zoom_in\1192137.png,data\zoom_out\1192137.png
1192141.png,data\zoom_in\1192141.png,data\zoom_out\1192141.png
1192144.png,data\zoom_in\1192144.png,data\zoom_out\1192144.png
1192146.png,data\zoom_in\1192146.png,data\zoom_out\1192146.png
1193606.png,data\zoom_in\1193606.png,data\zoom_out\1193606.png
1195554.png,data\zoom_in\1195554.png,data\zoom_out\1195554.png
1195557.png,data\zoom_in\1195557.png,data\zoom_out\1195557.png
1196113.png,data\zoom_in\1196113.png,data\zoom_out\1196113.png
1196123.png,data\zoom_in\1196123.png,data\zoom_out\1196123.png
1196155.png,data\zoom_in\1196155.png,data\zoom_out\1196155.png
1196302.png,data\zoom_in\1196302.png,data\zoom_out\1196302.png
1196312.png,data\zoom_in\1196312.png,data\zoom_out\1196312.png
1196351.png,data\zoom_in\1196351.png,data\zoom_out\1196351.png
1196674.png,data\zoom_in\1196674.png,data\zoom_out\1196674.png
1196681.png,data\zoom_in\1196681.png,data\zoom_out\1196681.png
1196687.png,data\zoom_in\1196687.png,data\zoom_out\1196687.png
1196689.png,data\zoom_in\1196689.png,data\zoom_out\1196689.png
1196690.png,data\zoom_in\1196690.png,data\zoom_out\1196690.png
1196691.png,data\zoom_in\1196691.png,data\zoom_out\1196691.png
1196695.png,data\zoom_in\1196695.png,data\zoom_out\1196695.png
1196701.png,data\zoom_in\1196701.png,data\zoom_out\1196701.png
1196718.png,data\zoom_in\1196718.png,data\zoom_out\1196718.png
1196725.png,data\zoom_in\1196725.png,data\zoom_out\1196725.png
1196730.png,data\zoom_in\1196730.png,data\zoom_out\1196730.png
1196732.png,data\zoom_in\1196732.png,data\zoom_out\1196732.png
1196738.png,data\zoom_in\1196738.png,data\zoom_out\1196738.png
1196792.png,data\zoom_in\1196792.png,data\zoom_out\1196792.png
1196798.png,data\zoom_in\1196798.png,data\zoom_out\1196798.png
1199193.png,data\zoom_in\1199193.png,data\zoom_out\1199193.png
1203948.png,data\zoom_in\1203948.png,data\zoom_out\1203948.png
1203954.png,data\zoom_in\1203954.png,data\zoom_out\1203954.png
1203975.png,data\zoom_in\1203975.png,data\zoom_out\1203975.png
1204672.png,data\zoom_in\1204672.png,data\zoom_out\1204672.png
1205582.png,data\zoom_in\1205582.png,data\zoom_out\1205582.png
1205585.png,data\zoom_in\1205585.png,data\zoom_out\1205585.png
1205595.png,data\zoom_in\1205595.png,data\zoom_out\1205595.png
1205704.png,data\zoom_in\1205704.png,data\zoom_out\1205704.png
1205716.png,data\zoom_in\1205716.png,data\zoom_out\1205716.png
1205778.png,data\zoom_in\1205778.png,data\zoom_out\1205778.png
1205804.png,data\zoom_in\1205804.png,data\zoom_out\1205804.png
1205810.png,data\zoom_in\1205810.png,data\zoom_out\1205810.png
1205816.png,data\zoom_in\1205816.png,data\zoom_out\1205816.png
1205826.png,data\zoom_in\1205826.png,data\zoom_out\1205826.png
1206012.png,data\zoom_in\1206012.png,data\zoom_out\1206012.png
1206020.png,data\zoom_in\1206020.png,data\zoom_out\1206020.png
1206161.png,data\zoom_in\1206161.png,data\zoom_out\1206161.png
1206797.png,data\zoom_in\1206797.png,data\zoom_out\1206797.png
1207693.png,data\zoom_in\1207693.png,data\zoom_out\1207693.png
1209170.png,data\zoom_in\1209170.png,data\zoom_out\1209170.png
1209177.png,data\zoom_in\1209177.png,data\zoom_out\1209177.png
1209184.png,data\zoom_in\1209184.png,data\zoom_out\1209184.png
1209188.png,data\zoom_in\1209188.png,data\zoom_out\1209188.png
1209189.png,data\zoom_in\1209189.png,data\zoom_out\1209189.png
1209203.png,data\zoom_in\1209203.png,data\zoom_out\1209203.png
1209205.png,data\zoom_in\1209205.png,data\zoom_out\1209205.png
1209258.png,data\zoom_in\1209258.png,data\zoom_out\1209258.png
1209952.png,data\zoom_in\1209952.png,data\zoom_out\1209952.png
1209953.png,data\zoom_in\1209953.png,data\zoom_out\1209953.png
1210253.png,data\zoom_in\1210253.png,data\zoom_out\1210253.png
1210279.png,data\zoom_in\1210279.png,data\zoom_out\1210279.png
1210547.png,data\zoom_in\1210547.png,data\zoom_out\1210547.png
1219543.png,data\zoom_in\1219543.png,data\zoom_out\1219543.png
1222464.png,data\zoom_in\1222464.png,data\zoom_out\1222464.png
1222485.png,data\zoom_in\1222485.png,data\zoom_out\1222485.png
1222500.png,data\zoom_in\1222500.png,data\zoom_out\1222500.png
1222575.png,data\zoom_in\1222575.png,data\zoom_out\1222575.png
1222583.png,data\zoom_in\1222583.png,data\zoom_out\1222583.png
1222600.png,data\zoom_in\1222600.png,data\zoom_out\1222600.png
1222626.png,data\zoom_in\1222626.png,data\zoom_out\1222626.png
1222668.png,data\zoom_in\1222668.png,data\zoom_out\1222668.png
1222692.png,data\zoom_in\1222692.png,data\zoom_out\1222692.png
1222694.png,data\zoom_in\1222694.png,data\zoom_out\1222694.png
1222711.png,data\zoom_in\1222711.png,data\zoom_out\1222711.png
1223038.png,data\zoom_in\1223038.png,data\zoom_out\1223038.png
1223047.png,data\zoom_in\1223047.png,data\zoom_out\1223047.png
1225086.png,data\zoom_in\1225086.png,data\zoom_out\1225086.png
1225094.png,data\zoom_in\1225094.png,data\zoom_out\1225094.png
1225107.png,data\zoom_in\1225107.png,data\zoom_out\1225107.png
1225174.png,data\zoom_in\1225174.png,data\zoom_out\1225174.png
1225190.png,data\zoom_in\1225190.png,data\zoom_out\1225190.png
1225195.png,data\zoom_in\1225195.png,data\zoom_out\1225195.png
1225207.png,data\zoom_in\1225207.png,data\zoom_out\1225207.png
1225230.png,data\zoom_in\1225230.png,data\zoom_out\1225230.png
1225242.png,data\zoom_in\1225242.png,data\zoom_out\1225242.png
1225249.png,data\zoom_in\1225249.png,data\zoom_out\1225249.png
1225258.png,data\zoom_in\1225258.png,data\zoom_out\1225258.png
1225267.png,data\zoom_in\1225267.png,data\zoom_out\1225267.png
1225599.png,data\zoom_in\1225599.png,data\zoom_out\1225599.png
1225607.png,data\zoom_in\1225607.png,data\zoom_out\1225607.png
1225672.png,data\zoom_in\1225672.png,data\zoom_out\1225672.png
1225795.png,data\zoom_in\1225795.png,data\zoom_out\1225795.png
1228018.png,data\zoom_in\1228018.png,data\zoom_out\1228018.png
1228135.png,data\zoom_in\1228135.png,data\zoom_out\1228135.png
1228155.png,data\zoom_in\1228155.png,data\zoom_out\1228155.png
1228179.png,data\zoom_in\1228179.png,data\zoom_out\1228179.png
1228184.png,data\zoom_in\1228184.png,data\zoom_out\1228184.png
1228189.png,data\zoom_in\1228189.png,data\zoom_out\1228189.png
1228192.png,data\zoom_in\1228192.png,data\zoom_out\1228192.png
1228203.png,data\zoom_in\1228203.png,data\zoom_out\1228203.png
1228241.png,data\zoom_in\1228241.png,data\zoom_out\1228241.png
1228263.png,data\zoom_in\1228263.png,data\zoom_out\1228263.png
1228288.png,data\zoom_in\1228288.png,data\zoom_out\1228288.png
1228299.png,data\zoom_in\1228299.png,data\zoom_out\1228299.png
1228311.png,data\zoom_in\1228311.png,data\zoom_out\1228311.png
1228324.png,data\zoom_in\1228324.png,data\zoom_out\1228324.png
1228773.png,data\zoom_in\1228773.png,data\zoom_out\1228773.png
1228783.png,data\zoom_in\1228783.png,data\zoom_out\1228783.png
1228798.png,data\zoom_in\1228798.png,data\zoom_out\1228798.png
1228813.png,data\zoom_in\1228813.png,data\zoom_out\1228813.png
1228822.png,data\zoom_in\1228822.png,data\zoom_out\1228822.png
1228828.png,data\zoom_in\1228828.png,data\zoom_out\1228828.png
1228835.png,data\zoom_in\1228835.png,data\zoom_out\1228835.png
1228852.png,data\zoom_in\1228852.png,data\zoom_out\1228852.png
1228857.png,data\zoom_in\1228857.png,data\zoom_out\1228857.png
1228863.png,data\zoom_in\1228863.png,data\zoom_out\1228863.png
1228864.png,data\zoom_in\1228864.png,data\zoom_out\1228864.png
1228868.png,data\zoom_in\1228868.png,data\zoom_out\1228868.png
1228882.png,data\zoom_in\1228882.png,data\zoom_out\1228882.png
1228894.png,data\zoom_in\1228894.png,data\zoom_out\1228894.png
1228903.png,data\zoom_in\1228903.png,data\zoom_out\1228903.png
1228910.png,data\zoom_in\1228910.png,data\zoom_out\1228910.png
1228917.png,data\zoom_in\1228917.png,data\zoom_out\1228917.png
1228927.png,data\zoom_in\1228927.png,data\zoom_out\1228927.png
1228935.png,data\zoom_in\1228935.png,data\zoom_out\1228935.png
1228937.png,data\zoom_in\1228937.png,data\zoom_out\1228937.png
1228939.png,data\zoom_in\1228939.png,data\zoom_out\1228939.png
1230808.png,data\zoom_in\1230808.png,data\zoom_out\1230808.png
1231061.png,data\zoom_in\1231061.png,data\zoom_out\1231061.png
1232980.png,data\zoom_in\1232980.png,data\zoom_out\1232980.png
1232992.png,data\zoom_in\1232992.png,data\zoom_out\1232992.png
1232995.png,data\zoom_in\1232995.png,data\zoom_out\1232995.png
1232998.png,data\zoom_in\1232998.png,data\zoom_out\1232998.png
1233000.png,data\zoom_in\1233000.png,data\zoom_out\1233000.png
1234738.png,data\zoom_in\1234738.png,data\zoom_out\1234738.png
1234755.png,data\zoom_in\1234755.png,data\zoom_out\1234755.png
1236126.png,data\zoom_in\1236126.png,data\zoom_out\1236126.png
1236139.png,data\zoom_in\1236139.png,data\zoom_out\1236139.png
1236146.png,data\zoom_in\1236146.png,data\zoom_out\1236146.png
1236626.png,data\zoom_in\1236626.png,data\zoom_out\1236626.png
1236637.png,data\zoom_in\1236637.png,data\zoom_out\1236637.png
1238619.png,data\zoom_in\1238619.png,data\zoom_out\1238619.png
1238623.png,data\zoom_in\1238623.png,data\zoom_out\1238623.png
1238691.png,data\zoom_in\1238691.png,data\zoom_out\1238691.png
1239430.png,data\zoom_in\1239430.png,data\zoom_out\1239430.png
1239495.png,data\zoom_in\1239495.png,data\zoom_out\1239495.png
1239916.png,data\zoom_in\1239916.png,data\zoom_out\1239916.png
1240809.png,data\zoom_in\1240809.png,data\zoom_out\1240809.png
1241098.png,data\zoom_in\1241098.png,data\zoom_out\1241098.png
1241551.png,data\zoom_in\1241551.png,data\zoom_out\1241551.png
1241567.png,data\zoom_in\1241567.png,data\zoom_out\1241567.png
1241574.png,data\zoom_in\1241574.png,data\zoom_out\1241574.png
1241584.png,data\zoom_in\1241584.png,data\zoom_out\1241584.png
1241595.png,data\zoom_in\1241595.png,data\zoom_out\1241595.png
1241604.png,data\zoom_in\1241604.png,data\zoom_out\1241604.png
1241612.png,data\zoom_in\1241612.png,data\zoom_out\1241612.png
1241618.png,data\zoom_in\1241618.png,data\zoom_out\1241618.png
1241638.png,data\zoom_in\1241638.png,data\zoom_out\1241638.png
1243145.png,data\zoom_in\1243145.png,data\zoom_out\1243145.png
1243276.png,data\zoom_in\1243276.png,data\zoom_out\1243276.png
1243600.png,data\zoom_in\1243600.png,data\zoom_out\1243600.png
1243608.png,data\zoom_in\1243608.png,data\zoom_out\1243608.png
1246225.png,data\zoom_in\1246225.png,data\zoom_out\1246225.png
1246229.png,data\zoom_in\1246229.png,data\zoom_out\1246229.png
1250674.png,data\zoom_in\1250674.png,data\zoom_out\1250674.png
1250695.png,data\zoom_in\1250695.png,data\zoom_out\1250695.png
1250707.png,data\zoom_in\1250707.png,data\zoom_out\1250707.png
1250799.png,data\zoom_in\1250799.png,data\zoom_out\1250799.png
1250996.png,data\zoom_in\1250996.png,data\zoom_out\1250996.png
1253677.png,data\zoom_in\1253677.png,data\zoom_out\1253677.png
1253690.png,data\zoom_in\1253690.png,data\zoom_out\1253690.png
1255295.png,data\zoom_in\1255295.png,data\zoom_out\1255295.png
1258400.png,data\zoom_in\1258400.png,data\zoom_out\1258400.png
1258407.png,data\zoom_in\1258407.png,data\zoom_out\1258407.png
200116.png,data\zoom_in\200116.png,data\zoom_out\200116.png
203096.png,data\zoom_in\203096.png,data\zoom_out\203096.png
203896.png,data\zoom_in\203896.png,data\zoom_out\203896.png
204680.png,data\zoom_in\204680.png,data\zoom_out\204680.png
204704.png,data\zoom_in\204704.png,data\zoom_out\204704.png
204712.png,data\zoom_in\204712.png,data\zoom_out\204712.png
204736.png,data\zoom_in\204736.png,data\zoom_out\204736.png
204740.png,data\zoom_in\204740.png,data\zoom_out\204740.png
204748.png,data\zoom_in\204748.png,data\zoom_out\204748.png
204752.png,data\zoom_in\204752.png,data\zoom_out\204752.png
204760.png,data\zoom_in\204760.png,data\zoom_out\204760.png
205438.png,data\zoom_in\205438.png,data\zoom_out\205438.png
207232.png,data\zoom_in\207232.png,data\zoom_out\207232.png
207256.png,data\zoom_in\207256.png,data\zoom_out\207256.png
207304.png,data\zoom_in\207304.png,data\zoom_out\207304.png
207316.png,data\zoom_in\207316.png,data\zoom_out\207316.png
208338.png,data\zoom_in\208338.png,data\zoom_out\208338.png
208342.png,data\zoom_in\208342.png,data\zoom_out\208342.png
208516.png,data\zoom_in\208516.png,data\zoom_out\208516.png
208690.png,data\zoom_in\208690.png,data\zoom_out\208690.png
208882.png,data\zoom_in\208882.png,data\zoom_out\208882.png
208886.png,data\zoom_in\208886.png,data\zoom_out\208886.png
213354.png,data\zoom_in\213354.png,data\zoom_out\213354.png
213364.png,data\zoom_in\213364.png,data\zoom_out\213364.png
213388.png,data\zoom_in\213388.png,data\zoom_out\213388.png
213400.png,data\zoom_in\213400.png,data\zoom_out\213400.png
213412.png,data\zoom_in\213412.png,data\zoom_out\213412.png
213424.png,data\zoom_in\213424.png,data\zoom_out\213424.png
213436.png,data\zoom_in\213436.png,data\zoom_out\213436.png
213448.png,data\zoom_in\213448.png,data\zoom_out\213448.png
213460.png,data\zoom_in\213460.png,data\zoom_out\213460.png
217930.png,data\zoom_in\217930.png,data\zoom_out\217930.png
218026.png,data\zoom_in\218026.png,data\zoom_out\218026.png
218038.png,data\zoom_in\218038.png,data\zoom_out\218038.png
218590.png,data\zoom_in\218590.png,data\zoom_out\218590.png
220120.png,data\zoom_in\220120.png,data\zoom_out\220120.png
228466.png,data\zoom_in\228466.png,data\zoom_out\228466.png
229990.png,data\zoom_in\229990.png,data\zoom_out\229990.png
230002.png,data\zoom_in\230002.png,data\zoom_out\230002.png
230458.png,data\zoom_in\230458.png,data\zoom_out\230458.png
230482.png,data\zoom_in\230482.png,data\zoom_out\230482.png
230566.png,data\zoom_in\230566.png,data\zoom_out\230566.png
230812.png,data\zoom_in\230812.png,data\zoom_out\230812.png
233926.png,data\zoom_in\233926.png,data\zoom_out\233926.png
235864.png,data\zoom_in\235864.png,data\zoom_out\235864.png
235876.png,data\zoom_in\235876.png,data\zoom_out\235876.png
237892.png,data\zoom_in\237892.png,data\zoom_out\237892.png
238006.png,data\zoom_in\238006.png,data\zoom_out\238006.png
250853.png,data\zoom_in\250853.png,data\zoom_out\250853.png
250859.png,data\zoom_in\250859.png,data\zoom_out\250859.png
251411.png,data\zoom_in\251411.png,data\zoom_out\251411.png
251417.png,data\zoom_in\251417.png,data\zoom_out\251417.png
253249.png,data\zoom_in\253249.png,data\zoom_out\253249.png
253250.png,data\zoom_in\253250.png,data\zoom_out\253250.png
253253.png,data\zoom_in\253253.png,data\zoom_out\253253.png
253307.png,data\zoom_in\253307.png,data\zoom_out\253307.png
253313.png,data\zoom_in\253313.png,data\zoom_out\253313.png
253325.png,data\zoom_in\253325.png,data\zoom_out\253325.png
253331.png,data\zoom_in\253331.png,data\zoom_out\253331.png
254513.png,data\zoom_in\254513.png,data\zoom_out\254513.png
254735.png,data\zoom_in\254735.png,data\zoom_out\254735.png
254885.png,data\zoom_in\254885.png,data\zoom_out\254885.png
254909.png,data\zoom_in\254909.png,data\zoom_out\254909.png
254915.png,data\zoom_in\254915.png,data\zoom_out\254915.png
256217.png,data\zoom_in\256217.png,data\zoom_out\256217.png
256223.png,data\zoom_in\256223.png,data\zoom_out\256223.png
257201.png,data\zoom_in\257201.png,data\zoom_out\257201.png
258737.png,data\zoom_in\258737.png,data\zoom_out\258737.png
258749.png,data\zoom_in\258749.png,data\zoom_out\258749.png
258767.png,data\zoom_in\258767.png,data\zoom_out\258767.png
258959.png,data\zoom_in\258959.png,data\zoom_out\258959.png
258983.png,data\zoom_in\258983.png,data\zoom_out\258983.png
259535.png,data\zoom_in\259535.png,data\zoom_out\259535.png
261923.png,data\zoom_in\261923.png,data\zoom_out\261923.png
262075.png,data\zoom_in\262075.png,data\zoom_out\262075.png
263033.png,data\zoom_in\263033.png,data\zoom_out\263033.png
263525.png,data\zoom_in\263525.png,data\zoom_out\263525.png
263531.png,data\zoom_in\263531.png,data\zoom_out\263531.png
263795.png,data\zoom_in\263795.png,data\zoom_out\263795.png
264311.png,data\zoom_in\264311.png,data\zoom_out\264311.png
264575.png,data\zoom_in\264575.png,data\zoom_out\264575.png
264581.png,data\zoom_in\264581.png,data\zoom_out\264581.png
300796.png,data\zoom_in\300796.png,data\zoom_out\300796.png
302252.png,data\zoom_in\302252.png,data\zoom_out\302252.png
302294.png,data\zoom_in\302294.png,data\zoom_out\302294.png
302300.png,data\zoom_in\302300.png,data\zoom_out\302300.png
304956.png,data\zoom_in\304956.png,data\zoom_out\304956.png
305784.png,data\zoom_in\305784.png,data\zoom_out\305784.png
305816.png,data\zoom_in\305816.png,data\zoom_out\305816.png
305824.png,data\zoom_in\305824.png,data\zoom_out\305824.png
308192.png,data\zoom_in\308192.png,data\zoom_out\308192.png
308916.png,data\zoom_in\308916.png,data\zoom_out\308916.png
308924.png,data\zoom_in\308924.png,data\zoom_out\308924.png
311160.png,data\zoom_in\311160.png,data\zoom_out\311160.png
313512.png,data\zoom_in\313512.png,data\zoom_out\313512.png
315656.png,data\zoom_in\315656.png,data\zoom_out\315656.png
316650.png,data\zoom_in\316650.png,data\zoom_out\316650.png
316652.png,data\zoom_in\316652.png,data\zoom_out\316652.png
316724.png,data\zoom_in\316724.png,data\zoom_out\316724.png
316732.png,data\zoom_in\316732.png,data\zoom_out\316732.png
317208.png,data\zoom_in\317208.png,data\zoom_out\317208.png
317908.png,data\zoom_in\317908.png,data\zoom_out\317908.png
317948.png,data\zoom_in\317948.png,data\zoom_out\317948.png
317956.png,data\zoom_in\317956.png,data\zoom_out\317956.png
317964.png,data\zoom_in\317964.png,data\zoom_out\317964.png
317972.png,data\zoom_in\317972.png,data\zoom_out\317972.png
318006.png,data\zoom_in\318006.png,data\zoom_out\318006.png
318012.png,data\zoom_in\318012.png,data\zoom_out\318012.png
319454.png,data\zoom_in\319454.png,data\zoom_out\319454.png
319460.png,data\zoom_in\319460.png,data\zoom_out\319460.png
330089.png,data\zoom_in\330089.png,data\zoom_out\330089.png
330349.png,data\zoom_in\330349.png,data\zoom_out\330349.png
330453.png,data\zoom_in\330453.png,data\zoom_out\330453.png
330639.png,data\zoom_in\330639.png,data\zoom_out\330639.png
331929.png,data\zoom_in\331929.png,data\zoom_out\331929.png
331977.png,data\zoom_in\331977.png,data\zoom_out\331977.png
333081.png,data\zoom_in\333081.png,data\zoom_out\333081.png
333785.png,data\zoom_in\333785.png,data\zoom_out\333785.png
333825.png,data\zoom_in\333825.png,data\zoom_out\333825.png
333885.png,data\zoom_in\333885.png,data\zoom_out\333885.png
334861.png,data\zoom_in\334861.png,data\zoom_out\334861.png
336069.png,data\zoom_in\336069.png,data\zoom_out\336069.png
336073.png,data\zoom_in\336073.png,data\zoom_out\336073.png
336117.png,data\zoom_in\336117.png,data\zoom_out\336117.png
336149.png,data\zoom_in\336149.png,data\zoom_out\336149.png
336513.png,data\zoom_in\336513.png,data\zoom_out\336513.png
336517.png,data\zoom_in\336517.png,data\zoom_out\336517.png
336521.png,data\zoom_in\336521.png,data\zoom_out\336521.png
336525.png,data\zoom_in\336525.png,data\zoom_out\336525.png
336801.png,data\zoom_in\336801.png,data\zoom_out\336801.png
336929.png,data\zoom_in\336929.png,data\zoom_out\336929.png
336937.png,data\zoom_in\336937.png,data\zoom_out\336937.png
338181.png,data\zoom_in\338181.png,data\zoom_out\338181.png
400024.png,data\zoom_in\400024.png,data\zoom_out\400024.png
401376.png,data\zoom_in\401376.png,data\zoom_out\401376.png
401384.png,data\zoom_in\401384.png,data\zoom_out\401384.png
401440.png,data\zoom_in\401440.png,data\zoom_out\401440.png
404264.png,data\zoom_in\404264.png,data\zoom_out\404264.png
404320.png,data\zoom_in\404320.png,data\zoom_out\404320.png
407396.png,data\zoom_in\407396.png,data\zoom_out\407396.png
407404.png,data\zoom_in\407404.png,data\zoom_out\407404.png
407410.png,data\zoom_in\407410.png,data\zoom_out\407410.png
407556.png,data\zoom_in\407556.png,data\zoom_out\407556.png
407628.png,data\zoom_in\407628.png,data\zoom_out\407628.png
407636.png,data\zoom_in\407636.png,data\zoom_out\407636.png
408144.png,data\zoom_in\408144.png,data\zoom_out\408144.png
409880.png,data\zoom_in\409880.png,data\zoom_out\409880.png
409888.png,data\zoom_in\409888.png,data\zoom_out\409888.png
410112.png,data\zoom_in\410112.png,data\zoom_out\410112.png
414284.png,data\zoom_in\414284.png,data\zoom_out\414284.png
414292.png,data\zoom_in\414292.png,data\zoom_out\414292.png
414316.png,data\zoom_in\414316.png,data\zoom_out\414316.png
414348.png,data\zoom_in\414348.png,data\zoom_out\414348.png
414356.png,data\zoom_in\414356.png,data\zoom_out\414356.png
414388.png,data\zoom_in\414388.png,data\zoom_out\414388.png
414396.png,data\zoom_in\414396.png,data\zoom_out\414396.png
417904.png,data\zoom_in\417904.png,data\zoom_out\417904.png
420280.png,data\zoom_in\420280.png,data\zoom_out\420280.png
420320.png,data\zoom_in\420320.png,data\zoom_out\420320.png
420384.png,data\zoom_in\420384.png,data\zoom_out\420384.png
420392.png,data\zoom_in\420392.png,data\zoom_out\420392.png
420429.png,data\zoom_in\420429.png,data\zoom_out\420429.png
420431.png,data\zoom_in\420431.png,data\zoom_out\420431.png
421800.png,data\zoom_in\421800.png,data\zoom_out\421800.png
433265.png,data\zoom_in\433265.png,data\zoom_out\433265.png
433949.png,data\zoom_in\433949.png,data\zoom_out\433949.png
434341.png,data\zoom_in\434341.png,data\zoom_out\434341.png
434345.png,data\zoom_in\434345.png,data\zoom_out\434345.png
434373.png,data\zoom_in\434373.png,data\zoom_out\434373.png
434377.png,data\zoom_in\434377.png,data\zoom_out\434377.png
435005.png,data\zoom_in\435005.png,data\zoom_out\435005.png
435163.png,data\zoom_in\435163.png,data\zoom_out\435163.png
435729.png,data\zoom_in\435729.png,data\zoom_out\435729.png
435737.png,data\zoom_in\435737.png,data\zoom_out\435737.png
436681.png,data\zoom_in\436681.png,data\zoom_out\436681.png
438941.png,data\zoom_in\438941.png,data\zoom_out\438941.png
438977.png,data\zoom_in\438977.png,data\zoom_out\438977.png
438981.png,data\zoom_in\438981.png,data\zoom_out\438981.png
440765.png,data\zoom_in\440765.png,data\zoom_out\440765.png
441229.png,data\zoom_in\441229.png,data\zoom_out\441229.png
441237.png,data\zoom_in\441237.png,data\zoom_out\441237.png
441277.png,data\zoom_in\441277.png,data\zoom_out\441277.png
441285.png,data\zoom_in\441285.png,data\zoom_out\441285.png
441301.png,data\zoom_in\441301.png,data\zoom_out\441301.png
441305.png,data\zoom_in\441305.png,data\zoom_out\441305.png
443765.png,data\zoom_in\443765.png,data\zoom_out\443765.png
444201.png,data\zoom_in\444201.png,data\zoom_out\444201.png
444749.png,data\zoom_in\444749.png,data\zoom_out\444749.png
444753.png,data\zoom_in\444753.png,data\zoom_out\444753.png
444757.png,data\zoom_in\444757.png,data\zoom_out\444757.png
444761.png,data\zoom_in\444761.png,data\zoom_out\444761.png
444785.png,data\zoom_in\444785.png,data\zoom_out\444785.png
444801.png,data\zoom_in\444801.png,data\zoom_out\444801.png
444929.png,data\zoom_in\444929.png,data\zoom_out\444929.png
500092.png,data\zoom_in\500092.png,data\zoom_out\500092.png
500136.png,data\zoom_in\500136.png,data\zoom_out\500136.png
501880.png,data\zoom_in\501880.png,data\zoom_out\501880.png
501888.png,data\zoom_in\501888.png,data\zoom_out\501888.png
503236.png,data\zoom_in\503236.png,data\zoom_out\503236.png
503632.png,data\zoom_in\503632.png,data\zoom_out\503632.png
503640.png,data\zoom_in\503640.png,data\zoom_out\503640.png
504768.png,data\zoom_in\504768.png,data\zoom_out\504768.png
505840.png,data\zoom_in\505840.png,data\zoom_out\505840.png
508336.png,data\zoom_in\508336.png,data\zoom_out\508336.png
508368.png,data\zoom_in\508368.png,data\zoom_out\508368.png
508456.png,data\zoom_in\508456.png,data\zoom_out\508456.png
510258.png,data\zoom_in\510258.png,data\zoom_out\510258.png
510264.png,data\zoom_in\510264.png,data\zoom_out\510264.png
510288.png,data\zoom_in\510288.png,data\zoom_out\510288.png
510296.png,data\zoom_in\510296.png,data\zoom_out\510296.png
510698.png,data\zoom_in\510698.png,data\zoom_out\510698.png
511354.png,data\zoom_in\511354.png,data\zoom_out\511354.png
511360.png,data\zoom_in\511360.png,data\zoom_out\511360.png
512004.png,data\zoom_in\512004.png,data\zoom_out\512004.png
512012.png,data\zoom_in\512012.png,data\zoom_out\512012.png
512952.png,data\zoom_in\512952.png,data\zoom_out\512952.png
514280.png,data\zoom_in\514280.png,data\zoom_out\514280.png
514292.png,data\zoom_in\514292.png,data\zoom_out\514292.png
514704.png,data\zoom_in\514704.png,data\zoom_out\514704.png
514712.png,data\zoom_in\514712.png,data\zoom_out\514712.png
515176.png,data\zoom_in\515176.png,data\zoom_out\515176.png
515348.png,data\zoom_in\515348.png,data\zoom_out\515348.png
515960.png,data\zoom_in\515960.png,data\zoom_out\515960.png
517564.png,data\zoom_in\517564.png,data\zoom_out\517564.png
518876.png,data\zoom_in\518876.png,data\zoom_out\518876.png
520760.png,data\zoom_in\520760.png,data\zoom_out\520760.png
520996.png,data\zoom_in\520996.png,data\zoom_out\520996.png
521012.png,data\zoom_in\521012.png,data\zoom_out\521012.png
522192.png,data\zoom_in\522192.png,data\zoom_out\522192.png
525136.png,data\zoom_in\525136.png,data\zoom_out\525136.png
526172.png,data\zoom_in\526172.png,data\zoom_out\526172.png
526180.png,data\zoom_in\526180.png,data\zoom_out\526180.png
526600.png,data\zoom_in\526600.png,data\zoom_out\526600.png
527036.png,data\zoom_in\527036.png,data\zoom_out\527036.png
527388.png,data\zoom_in\527388.png,data\zoom_out\527388.png
527420.png,data\zoom_in\527420.png,data\zoom_out\527420.png
527428.png,data\zoom_in\527428.png,data\zoom_out\527428.png
527756.png,data\zoom_in\527756.png,data\zoom_out\527756.png
530695.png,data\zoom_in\530695.png,data\zoom_out\530695.png
530699.png,data\zoom_in\530699.png,data\zoom_out\530699.png
530735.png,data\zoom_in\530735.png,data\zoom_out\530735.png
530739.png,data\zoom_in\530739.png,data\zoom_out\530739.png
530743.png,data\zoom_in\530743.png,data\zoom_out\530743.png
530747.png,data\zoom_in\530747.png,data\zoom_out\530747.png
530755.png,data\zoom_in\530755.png,data\zoom_out\530755.png
530783.png,data\zoom_in\530783.png,data\zoom_out\530783.png
530787.png,data\zoom_in\530787.png,data\zoom_out\530787.png
532439.png,data\zoom_in\532439.png,data\zoom_out\532439.png
532443.png,data\zoom_in\532443.png,data\zoom_out\532443.png
534721.png,data\zoom_in\534721.png,data\zoom_out\534721.png
534747.png,data\zoom_in\534747.png,data\zoom_out\534747.png
534751.png,data\zoom_in\534751.png,data\zoom_out\534751.png
534787.png,data\zoom_in\534787.png,data\zoom_out\534787.png
534939.png,data\zoom_in\534939.png,data\zoom_out\534939.png
534943.png,data\zoom_in\534943.png,data\zoom_out\534943.png
534947.png,data\zoom_in\534947.png,data\zoom_out\534947.png
536723.png,data\zoom_in\536723.png,data\zoom_out\536723.png
536727.png,data\zoom_in\536727.png,data\zoom_out\536727.png
536743.png,data\zoom_in\536743.png,data\zoom_out\536743.png
536747.png,data\zoom_in\536747.png,data\zoom_out\536747.png
536763.png,data\zoom_in\536763.png,data\zoom_out\536763.png
536767.png,data\zoom_in\536767.png,data\zoom_out\536767.png
536771.png,data\zoom_in\536771.png,data\zoom_out\536771.png
538679.png,data\zoom_in\538679.png,data\zoom_out\538679.png
538723.png,data\zoom_in\538723.png,data\zoom_out\538723.png
538735.png,data\zoom_in\538735.png,data\zoom_out\538735.png
538739.png,data\zoom_in\538739.png,data\zoom_out\538739.png
539279.png,data\zoom_in\539279.png,data\zoom_out\539279.png
539283.png,data\zoom_in\539283.png,data\zoom_out\539283.png
539423.png,data\zoom_in\539423.png,data\zoom_out\539423.png
540479.png,data\zoom_in\540479.png,data\zoom_out\540479.png
540495.png,data\zoom_in\540495.png,data\zoom_out\540495.png
540499.png,data\zoom_in\540499.png,data\zoom_out\540499.png
540511.png,data\zoom_in\540511.png,data\zoom_out\540511.png
540515.png,data\zoom_in\540515.png,data\zoom_out\540515.png
540731.png,data\zoom_in\540731.png,data\zoom_out\540731.png
541155.png,data\zoom_in\541155.png,data\zoom_out\541155.png
541239.png,data\zoom_in\541239.png,data\zoom_out\541239.png
541253.png,data\zoom_in\541253.png,data\zoom_out\541253.png
541255.png,data\zoom_in\541255.png,data\zoom_out\541255.png
541299.png,data\zoom_in\541299.png,data\zoom_out\541299.png
541303.png,data\zoom_in\541303.png,data\zoom_out\541303.png
541763.png,data\zoom_in\541763.png,data\zoom_out\541763.png
600025.png,data\zoom_in\600025.png,data\zoom_out\600025.png
959988.png,data\zoom_in\959988.png,data\zoom_out\959988.png
960019.png,data\zoom_in\960019.png,data\zoom_out\960019.png
960032.png,data\zoom_in\960032.png,data\zoom_out\960032.png
960049.png,data\zoom_in\960049.png,data\zoom_out\960049.png
960451.png,data\zoom_in\960451.png,data\zoom_out\960451.png
960493.png,data\zoom_in\960493.png,data\zoom_out\960493.png
960497.png,data\zoom_in\960497.png,data\zoom_out\960497.png
962850.png,data\zoom_in\962850.png,data\zoom_out\962850.png
963182.png,data\zoom_in\963182.png,data\zoom_out\963182.png
963184.png,data\zoom_in\963184.png,data\zoom_out\963184.png
963321.png,data\zoom_in\963321.png,data\zoom_out\963321.png
965314.png,data\zoom_in\965314.png,data\zoom_out\965314.png
965491.png,data\zoom_in\965491.png,data\zoom_out\965491.png
966615.png,data\zoom_in\966615.png,data\zoom_out\966615.png
966715.png,data\zoom_in\966715.png,data\zoom_out\966715.png
967565.png,data\zoom_in\967565.png,data\zoom_out\967565.png
